dimension,no_above_diagonal,no_total,perc_above_diagonal
1,333,399,0.8345864661654135
2,273,399,0.6842105263157895
overall,606,798,0.7593984962406015
