dimension,no_above_diagonal,no_total,perc_above_diagonal
1,96,399,0.24060150375939848
2,48,399,0.12030075187969924
overall,144,798,0.18045112781954886
