dimension,no_above_diagonal,no_total,perc_above_diagonal
1,365,399,0.9147869674185464
2,311,399,0.7794486215538847
overall,676,798,0.8471177944862155
