dimension,no_above_diagonal,no_total,perc_above_diagonal
1,222,399,0.556390977443609
2,168,399,0.42105263157894735
overall,390,798,0.48872180451127817
