dimension,no_above_diagonal,no_total,perc_above_diagonal
1,338,399,0.8471177944862155
2,339,399,0.849624060150376
overall,677,798,0.8483709273182958
