dimension,no_above_diagonal,no_total,perc_above_diagonal
1,341,399,0.8546365914786967
2,320,399,0.8020050125313283
overall,661,798,0.8283208020050126
