dimension,no_above_diagonal,no_total,perc_above_diagonal
1,332,399,0.8320802005012531
2,254,399,0.6365914786967418
overall,586,798,0.7343358395989975
