dimension,no_above_diagonal,no_total,perc_above_diagonal
1,190,399,0.47619047619047616
2,140,399,0.3508771929824561
overall,330,798,0.41353383458646614
