dimension,no_above_diagonal,no_total,perc_above_diagonal
1,337,399,0.8446115288220551
2,314,399,0.7869674185463659
overall,651,798,0.8157894736842105
