dimension,no_above_diagonal,no_total,perc_above_diagonal
1,367,399,0.9197994987468672
2,251,399,0.6290726817042607
overall,618,798,0.7744360902255639
